{
    "loss": 27.72654914855957,
    "accuracy": 0.48201438784599304
}