{
    "loss": 11.724873542785645,
    "accuracy": 0.5467625856399536
}