{
    "loss": 14.450489044189453,
    "accuracy": 0.5179855823516846
}