{
    "loss": 14.053507804870605,
    "accuracy": 0.5035971403121948
}