{
    "loss": 15.8447847366333,
    "accuracy": 0.5179855823516846
}